glider,en_rating,glider_name,hg_pg
777 queen,EN C,777 Queen,PG
777 rook,EN B,777 Rook,PG
777 rook rook,EN B,777 Rook,PG
adavance sigma6,EN C,Advance Sigma 6,PG
advamce epsilon 4,EN B,Advance Epsilon 4,PG
advance  epsilon 5,EN B,Advance Epsilon 5,PG
advance  omega 6,EN D/Comp,Advance Omega 6,PG
advance  sigma 6,EN C,Advance Sigma 6,PG
advance  sigma 7,EN C,Advance Sigma 7,PG
advance alpha 3,EN A,Advance Alpha 3,PG
advance alpha 5,EN A,Advance Alpha 5,PG
advance alpha3,EN A,Advance Alpha 3,PG
advance bi beta,Tandem,Advance Bi Beta,PG
advance bibeta,Tandem,Advance BiBeta,PG
advance bibeta 4,Tandem,Advance Bibeta 4,PG
advance bibeta 5,Tandem,Advance BiBeta 5,PG
advance bibeta4,Tandem,Advance Bibeta 4,PG
advance delta 2,EN C,Advance Delta 2,PG
advance epsilon 3,EN B,Advance Epsilon 3,PG
advance epsilon 4,EN B,Advance Epsilon 4,PG
advance epsilon 5,EN B,Advance Epsilon 5,PG
advance epsilon 6,EN B,Advance Epsilon 6,PG
advance epsilon 7,EN B,Advance Epsilon 7,PG
advance iota,EN B,Advance Iota,PG
advance iota 28,EN B,Advance Iota,PG
advance mantra m4,EN D/Comp,Advance Mantra M4,PG
advance omega,EN D/Comp,Advance Omega,PG
advance omega 4,EN D/Comp,Advance Omega 4,PG
advance omega 5,EN D/Comp,Advance Omega 5,PG
advance omega 6,EN D/Comp,Advance Omega 6,PG
advance omega 7,EN D/Comp,Advance Omega 7,PG
advance omega 8,EN D/Comp,Advance Omega 8,PG
advance omega6,EN D/Comp,Advance Omega 6,PG
advance omega7,EN D/Comp,Advance Omega 7,PG
advance omega8,EN D/Comp,Advance Omega 8,PG
advance peak 2,EN D/Comp,Advance Peak 2,PG
advance pi,EN C,Advance Pi,PG
advance sigma 5,EN C,Advance Sigma 5,PG
advance sigma 6,EN C,Advance Sigma 6,PG
advance sigma 7,EN C,Advance Sigma 7,PG
advance sigma 8,EN C,Advance Sigma 8,PG
advance sigma 9,EN C,Advance Sigma 9,PG
advance sigma6,EN C,Advance Sigma 6,PG
advance sigma7,EN C,Advance Sigma 7,PG
advance sigma8,EN C,Advance Sigma 8,PG
advance sigma9,EN C,Advance Sigma 9,PG
advance trango xc2,EN C,UP Trango XC 2,PG
advanced omega 8,EN D/Comp,Advance Omega 8,PG
advanced sigma 7,EN C,Advance Sigma 7,PG
advanced sigma7,EN C,Advance Sigma7,PG
aerodyne dune,,Aerodyne Dune,PG
aerodyne jumbe,,Aerodyne Jumbe,PG
aerodyne shaman,,Aerodyne Shaman,PG
aerodyne shaolin,,Aerodyne Shaolin,PG
aeros bi,,Aeros Bi,HG
aeros combat,,Aeros Combat,HG
aeros combat 2,,Aeros Combat 2,HG
aeros combat l,,Aeros Combat L,HG
aeros combat l 13,,Aeros Combat L 13,HG
aeros combat l 14,,Aeros Combat L 14,HG
aeros discus,,Aeros Discus,HG
aeros phantom,,Aeros Phantom,HG
air atos vq,,Air Atos Vq,HG
air design pure 2,EN D/Comp,Air Design Pure 2,PG
air design rise,EN B,Air Design Rise,HG
air design volt,EN C,Air Design Volt,HG
airborne c4,,Airborne C4,PG
airborne fun,,Airborne Fun,PG
airborne sting2,,Airborne Sting2,PG
airbourn sting 2 cx,,Airbourn Sting 2 Cx,PG
airbourne sting 2xc,,Airbourne Sting 2Xc,PG
aircross evo,EN D/Comp,Aircross U Sport Evo,PG
aircross u cross,EN C,Aircross U Cross,PG
aircross u fly 2,EN B,Aircross U Fly 2,PG
aircross u sport,EN D/Comp,Aircross U Sport,PG
aircross ucross,EN C,Aircross UCross,PG
aircross u-cross,EN C,Aircross U Cross,PG
aircross ufly,EN B,Aircross U Fly,PG
aircross usport,EN D/Comp,Aircross U Sport,PG
aircross usport2,EN D/Comp,Aircross U Sport 2,PG
airdesign rise,EN B,Air Design Rise,PG
airwave bi-boo,Tandem,Airwave Bi-Boo,PG
airwave cobra,EN C,Airwave Cobra,PG
airwave cobra l,EN C,Airwave Cobra L,PG
airwave concept,,Airwave Concept,PG
airwave k5,,Airwave K5,PG
airwave kiss,EN B,Airwave Kiss,PG
airwave magic,EN D/Comp,Airwave Magic,PG
airwave magic 3,EN D/Comp,Airwave Magic 3,PG
airwave magic 4,EN D/Comp,Airwave Magic 4,PG
airwave magic 4 (s),EN D/Comp,Airwave Magic 4,PG
airwave magic 5,EN D/Comp,Airwave Magic 5,PG
airwave magic fr,EN D/Comp,Airwave Magic FR,PG
airwave magic fr 2005,EN D/Comp,Airwave Magic FR,PG
airwave magic fr3,EN D/Comp,Airwave Magic FR3,PG
airwave magic fr4,EN D/Comp,Airwave Magic FR4,PG
airwave mustang,EN C,Airwave Mustang,PG
airwave mustang 2,EN C,Airwave Mustang 2,PG
airwave sport,EN B,Airwave Sport,PG
airwave sport 1,EN B,Airwave Sport,PG
airwave sport 2,EN B,Airwave Sport 2,PG
airwave sport 3,EN B,Airwave Sport 3,PG
airwave sport 4,EN B,Airwave Sport 4,PG
airwave sport2,EN B,Airwave Sport 2,PG
airwave sport3,EN B,Airwave Sport 3,PG
airwave sport4,EN B,Airwave Sport 4,PG
alpha 2,EN A,Advance Alpha 2,PG
aoros discus,,Aoros Discus,PG
apco allegra,,Apco Allegra,PG
apco bagheera,,Apco Bagheera,PG
apco keara,,Apco Keara,PG
apco salsa,,Apco Salsa,PG
apco zefira,EN C,Apco Zefira,PG
artik 3,EN C,Niviuk Artik 3,PG
aspen 26,EN C,Gradient Aspen,PG
atos v,,ATOS V,HG
atos vq,,Atos VQ,HG
atos vr,,Atos Vr,HG
avian cheetah evo,,Avian Cheetah Evo,PG
axis merc 190d,EN D/Comp,Axis Mercury,PG
axis mercury,EN D/Comp,Axis Mercury,PG
axis mercury 08,EN D/Comp,Axis Mercury,PG
axis mercury proto,EN D/Comp,Axis Mercury Proto,PG
axis polaris,,Axis Polaris,PG
axis vega 2,EN C,Axis Vega 2,PG
axis vega 2 s,EN C,Axis Vega 2,PG
axis vega 3,EN C,Axis Vega 3,PG
axis vega 4,EN C,Axis Vega 4,PG
axis vega ii,EN C,Axis Vega 2,PG
axis vega iis,EN C,Axis Vega 2,PG
axis vega2,EN C,Axis Vega 2,PG
axis venus 2,EN D/Comp,Axis Venus 2,PG
axis venus 2 rx,EN D/Comp,Axis Venus 2,PG
axis venus 3,EN D/Comp,Axis Venus 3,PG
axis venus 4,EN D/Comp,Axis Venus 4,PG
axis venus ii,EN D/Comp,Axis Venus 2,PG
axis venus iii,EN D/Comp,Axis Venus 2,PG
axis venus iii rx,EN D/Comp,Axis Venus 3,PG
axispara venus 2,EN D/Comp,Axis Venus 2,PG
bgd tala,EN C,BGD Tala,PG
bgd tala s,EN C,BGD Tala,PG
bgd wasp,EN B,BGD Wasp,PG
edel atlas,,Edel Atlas,PG
edel excel,,Edel Excel,PG
edel prime,,Edel Prime,PG
escape espace,EN B,Escape S'Pace,PG
escape s21,,Escape S21,PG
escape s'lide 16,Mini,Escape S'Lide 16,PG
escape s'pace,EN B,Escape S'Pace,PG
escape stream,EN C,Escape S'Tream,PG
escape s'tream,EN C,Escape S'Tream,PG
firebird eagle,,Firebird Eagle,PG
firebird eagle 2,EN C,Firebird Eagle 2,PG
firebird grid,,Firebird Grid,PG
firebird hornet,,Firebird Hornet,PG
firebird hornet sp,,Firebird Hornet Sp,PG
firebird matrix,,Firebird Matrix,PG
firebird raven,,Firebird Raven,PG
firebird spider,,Firebird Spider,PG
firebird z-one,,Firebird Z-One,PG
flying planet spirit,,Flying Planet Spirit,PG
freex blade,,Freex Blade,PG
freex serum,,Freex Serum,PG
gin  boomerang 5,EN D/Comp,Gin Boomerang 5,PG
gin  boomerang sport,EN D/Comp,Gin Boomerang Sport,PG
gin  rebel,EN C,Gin Rebel,PG
gin  reble,EN C,Gin Rebel,PG
gin  zulu,EN B,Gin Zulu,PG
gin atlas,EN B,Gin Atlas,PG
gin becool,Tandem,Gin Becool,PG
gin bolero 3,EN A,Gin Bolero 3,PG
gin bolero 4,EN A,Gin Bolero 4,PG
gin boomerang,EN D/Comp,Gin Boomerang,PG
gin boomerang 10,EN D/Comp,Gin Boomerang 10,PG
gin boomerang 2,EN D/Comp,Gin Boomerang 2,PG
gin boomerang 3,EN D/Comp,Gin Boomerang 3,PG
gin boomerang 5,EN D/Comp,Gin Boomerang 5,PG
gin boomerang 7,EN D/Comp,Gin Boomerang 7,PG
gin boomerang 8,EN D/Comp,Gin Boomerang 8,PG
gin boomerang 9,EN D/Comp,Gin Boomerang 9,PG
gin boomerang 9 21,EN D/Comp,Gin Boomerang 9,PG
gin boomerang gto,EN D/Comp,Gin Boomerang GTO,PG
gin boomerang gto 2,EN D/Comp,Gin Boomerang GTO 2,PG
gin boomerang gto2,EN D/Comp,Gin Boomerang GTO 2,PG
gin boomerang sport,EN D/Comp,Gin Boomerang Sport,PG
gin boomerang x,EN D/Comp,Gin Boomerang X,PG
gin boomerang7,EN D/Comp,Gin Boomerang 7,PG
gin carerra,EN B,Gin Carrera,PG
gin carerra s,EN B,Gin Carrera,PG
gin carerra+,EN B,Gin Carrera +,PG
gin carrarera,EN B,Gin Carrera,PG
gin carrera,EN B,Gin Carrera,PG
gin carrera +,EN B,Gin Carrera +,PG
gin carrera plus,EN B,Gin Carrera +,PG
gin carrera+,EN B,Gin Carrera +,PG
gin gangster,,Gin Gangster,PG
gin gliders atlas,EN B,Gin Atlas,PG
gin gto,EN D/Comp,Gin Boomerang GTO,PG
gin gto 2,EN D/Comp,Gin Boomerang GTO 2,PG
gin gto2,EN D/Comp,Gin Boomerang GTO 2,PG
gin oasis,EN B,Gin Oasis,PG
gin oasis l,EN B,Gin Oasis,PG
gin rebel,EN C,Gin Rebel,PG
gin rebel race,EN C,Gin Rebel Race,PG
gin reble,EN C,Gin Rebel,PG
gin sport,,Gin Sport,PG
gin sprint,EN B,Gin Sprint,PG
gin sprint evo,EN B,Gin Sprint Evo,PG
gin sprint x-alps,EN B,Gin Sprint X-Alps,PG
gin sprit evo,EN B,Gin Sprit Evo,PG
gin tribe,EN C,Gin Tribe,PG
gin yeti,EN A,Gin Yeti,PG
gin zoom,EN C,Gin Zoom,PG
gin zoom race,EN C,Gin Zoom Race,PG
gin zulu,EN B,Gin Zulu,PG
gradient  aspen 2,EN C,Gradient Aspen 2,PG
gradient 28,,Gradient 28,PG
gradient apen 2,EN C,Gradient Aspen 2,PG
gradient aspen,EN C,Gradient Aspen,PG
gradient aspen 2,EN C,Gradient Aspen 2,PG
gradient aspen 2 - 19,EN C,Gradient Aspen 2,PG
gradient aspen 24,EN C,Gradient Aspen,PG
gradient aspen 27,EN C,Gradient Aspen,PG
gradient aspen 3,EN C,Gradient Aspen 3,PG
gradient aspen 3/28,EN C,Gradient Aspen 3,PG
gradient aspen 3/30,EN C,Gradient Aspen 3,PG
gradient aspen 4,EN C,Gradient Aspen 4,PG
gradient aspen 5,EN C,Gradient Aspen 5,PG
gradient aspen ii,EN C,Gradient Aspen 2,PG
gradient aspen1,EN C,Gradient Aspen,PG
gradient aspen2,EN C,Gradient Aspen 2,PG
gradient aspen3,EN C,Gradient Aspen 3,PG
gradient aspen4,EN C,Gradient Aspen 4,PG
gradient aspen5,EN C,Gradient Aspen 5,PG
gradient avax,EN D/Comp,Gradient Avax,PG
gradient avax  xc 2,EN C,Gradient Avax XC 2,PG
gradient avax 08 proto,EN D/Comp,Gradient Avax Proto,PG
gradient avax proto,EN D/Comp,Gradient Avax Proto,PG
gradient avax rs,EN D/Comp,Gradient Avax RS,PG
gradient avax rse,EN D/Comp,Gradient Avax RS,PG
gradient avax rsf,EN D/Comp,Gradient Avax RS,PG
gradient avax sr7,EN D/Comp,Gradient Avax SR7,PG
gradient avax sr8,EN D/Comp,Gradient Avax SR8,PG
gradient avax xc,EN D/Comp,Gradient Avax XC,PG
gradient avax xc 2,EN C,Gradient Avax XC 2,PG
gradient avax xc -2,EN C,Gradient Avax XC 2,PG
gradient avax xc 24,EN D/Comp,Gradient Avax XC,PG
gradient avax xc 3,EN D/Comp,Gradient Avax XC 3,PG
gradient avax xc2,EN C,Gradient Avax XC 2,PG
gradient avax xc-2,EN C,Gradient Avax XC 2,PG
gradient avax xc3,EN D/Comp,Gradient Avax XC 3,PG
gradient bi golden,Tandem,Gradient Bi Golden,PG
gradient bigolden,Tandem,Gradient Bi Golden,PG
gradient bi-golden,Tandem,Gradient Bi Golden,PG
gradient bigolden ii,Tandem,Gradient Bi Golden 2,PG
gradient bigolden3,Tandem,Gradient BiGolden 3,PG
gradient bliss,EN D/Comp,Gradient Bliss,PG
gradient delite,EN B,Gradient Delite,PG
gradient freestyle,,Gradient Freestyle,PG
gradient freestyle 2,,Gradient Freestyle 2,PG
gradient golden,EN B,Gradient Golden,PG
gradient golden 2,EN B,Gradient Golden 2,PG
gradient golden 3,EN B,Gradient Golden 3,PG
gradient golden2,EN B,Gradient Golden 2,PG
gradient golden3,EN B,Gradient Golden 3,PG
gradient gradient xc2,EN C,Gradient Avax XC 2,PG
gradient gradient xc3,EN D/Comp,Gradient Avax XC 3,PG
gradient mantra 4,,Gradient Mantra 4,PG
gradient montana,EN B,Gradient Montana,PG
gradient nevada,EN B,Gradient Nevada,PG
gradient ony,EN B,Gradient Onyx,PG
gradient onyx,EN B,Gradient Onyx,PG
gradient orbit 3,EN B,Gradient Orbit 3,PG
gradient saphir 2000,,Gradient Saphir 2000,PG
gradient sr7,EN D/Comp,Gradient Avax SR7,PG
gradient sr8,EN D/Comp,Gradient Avax SR8,PG
gradient xc2,EN C,Gradient Avax XC 2,PG
gradient xc3,EN D/Comp,Gradient Avax XC 3,PG
gradient xc5,EN D/Comp,Gradient Avax XC 5,PG
icaro ice,,Icaro Ice,PG
icaro ice 2xc,,Icaro Ice 2Xc,PG
icaro ice2xc,,Icaro Ice2Xc,PG
icaro incanto,,Icaro Incanto,PG
icaro laminar z9,,Icaro Laminar Z9,PG
icaro mr700,,Icaro MR 700,PG
icaro wildcat,,Icaro Wildcat,PG
icaro zero 7,,Icaro Zero 7,PG
independence dragon,EN B,Independence Dragon,PG
independence dragon 2,EN B,Independence Dragon 2,PG
independence sportster,EN C,Independence Sportster,PG
independence striker,EN D/Comp,Independence Striker,PG
little cloud ginseng,,Little Cloud Ginseng,PG
little cloud goose xl,,Little Cloud Goose,PG
m magus,EN D/Comp,Mac Para Magus,PG
mac eden 3,EN B,Mac Para Eden 3,PG
mac eden ii,EN B,Mac Para Eden 2,PG
mac eden iii,EN B,Mac Para Eden 3,PG
mac envy,EN C,Mac Para Envy,PG
mac intox,,Mac Para Intox,PG
mac magus,EN D/Comp,Mac Para Magus,PG
mac magus 4,EN D/Comp,Mac Para Magus 4,PG
mac magus xc,EN D/Comp,Mac Para Magus XC,PG
mac magus xc 2,EN D/Comp,Mac Para Magus XC 2,PG
mac magus xc2,EN D/Comp,Mac Para Magus XC 2,PG
mac magus4,EN D/Comp,Mac Para Magus 4,PG
mac magusxc,EN D/Comp,Mac Para Magus XC,PG
mac para eden 5,EN B,Mac Para Eden 5,PG
mac para envy ii,EN C,Mac Para Envy 2,PG
mac para magus xc,EN D/Comp,Mac Para Magus XC,PG
mac para magus xc2,EN D/Comp,Mac Para Magus XC 2,PG
mac para marvel,EN C,Mac Para Marvel,PG
mac para marvel 27,EN C,Mac Para Marvel,PG
mac trance,,Mac Para Trance,PG
mac trend ii (eden ii),EN B,Mac Para Eden 2,PG
mac velvia,,Mac Para Velvia,PG
macpara eden 3,EN B,Mac Para Eden 3,PG
macpara eden 5,EN B,Mac Para Eden 5,PG
macpara magus xc 2,EN D/Comp,Mac Para Magus XC 2,PG
macpara marvel,EN C,Mac Para Marvel,PG
mcc beluga,,Mcc Beluga,PG
mcc malula,,Mcc Malula,PG
mova ra,EN C,Nova Ra,PG
moyes litespeed,,Moyes Litespeed,HG
moyes litespeed 4,,Moyes Litespeed 4,HG
moyes litespeed 5,,Moyes Litespeed 5,HG
moyes litespeed rx3.5,,Moyes Litespeed Rx3.5,HG
moyes litespeed s 4.5,,Moyes Litespeed S 4.5,HG
moyes litespeed s4,,Moyes Litespeed S4,HG
moyes litespeed-s 4.5,,Moyes Litespeed-S 4.5,HG
moyes ls4,,Moyes Ls4,HG
moyes rs3.5,,Moyes Rs3.5,HG
moyes rs4,,Moyes Rs4,HG
nervures kailash bivouac,,Nervures Kailash Bivouac,HG
nervures valluna bivouac ii,,Nervures Valluna Bivouac II,HG
nervures valluna ii bivouac,,Nervures Valluna Ii Bivouac,HG
niviuk arktic 2,EN C,Niviuk Artik 2,PG
niviuk artic,EN C,Niviuk Artik,PG
niviuk artic 2,EN C,Niviuk Artik 2,PG
niviuk artic 3,EN C,Niviuk Artik 3,PG
niviuk artik,EN C,Niviuk Artik,PG
niviuk artik 2,EN C,Niviuk Artik 2,PG
niviuk artik 3,EN C,Niviuk Artik 3,PG
niviuk artik 4,EN C,Niviuk Artik 4,PG
niviuk artik xp,EN C,Niviuk Artik XP,PG
niviuk artik2,EN C,Niviuk Artik 2,PG
niviuk artik3,EN C,Niviuk Artik 3,PG
niviuk fgrav 2,,Niviuk F-Gravity 2,PG
niviuk f-gravity2,,Niviuk F-Gravity 2,PG
niviuk hook,EN B,Niviuk Hook,PG
niviuk hook 2,EN B,Niviuk Hook 2,PG
niviuk hook 3,EN B,Niviuk Hook 3,PG
niviuk hook2,EN B,Niviuk Hook 2,PG
niviuk hook3,EN B,Niviuk Hook 3,PG
niviuk ice peak 3,EN D/Comp,Niviuk Icepeak 3,PG
niviuk ice peak 5,EN D/Comp,Niviuk Icepeak 5,PG
niviuk ice peak 6,EN D/Comp,Niviuk Icepeak 6,PG
niviuk ice peak 7,EN D/Comp,Niviuk Icepeak 7,PG
niviuk ice peak xp,EN D/Comp,Niviuk Icepeak XP,PG
niviuk icepeak 5,EN D/Comp,Niviuk Icepeak 5,PG
niviuk icepeak 5/25,EN D/Comp,Niviuk Icepeak 5,PG
niviuk icepeak 6,EN D/Comp,Niviuk Icepeak 6,PG
niviuk icepeak 6 - 19,EN D/Comp,Niviuk Icepeak 6,PG
niviuk icepeak 7,EN D/Comp,Niviuk Icepeak 7,PG
niviuk icepeak 7 pro,EN D/Comp,Niviuk Icepeak 7,PG
niviuk icepeak 7pro,EN D/Comp,Niviuk Icepeak 7,PG
niviuk icepeak 7-pro,EN D/Comp,Niviuk Icepeak 7,PG
niviuk icepeak 8,EN D/Comp,Niviuk Icepeak 8,PG
niviuk icepeak xp,EN D/Comp,Niviuk Icepeak,PG
niviuk icepeak6,EN D/Comp,Niviuk Icepeak 6,PG
niviuk icepeak-6,EN D/Comp,Niviuk Icepeak 6,PG
niviuk ip6,EN D/Comp,Niviuk Icepeak 6,PG
niviuk ip7,EN D/Comp,Niviuk Icepeak 7,PG
niviuk ip7 pro,EN D/Comp,Niviuk Icepeak 7,PG
niviuk ozone delta 2,EN C,Ozone Delta 2,PG
niviuk ozone mantra m4,EN D/Comp,Ozone Mantra M4,PG
niviuk peak,EN D/Comp,Niviuk Peak,PG
niviuk peak 2,EN D/Comp,Niviuk Peak 2,PG
niviuk peak 3,EN D/Comp,Niviuk Peak 3,PG
niviuk peak 3 xalps,EN D/Comp,Niviuk Peak 3,PG
niviuk takoo,Tandem,Niviuk Takoo,PG
niviuk takoo 2,Tandem,Niviuk Takoo 2,PG
niviuk zion 15,Mini,Niviuk Zion,PG
niviuk zion 17,Mini,Niviuk Zion,PG
niviuk zion 19,Mini,Niviuk Zion,PG
nivuik artik,EN C,Niviuk Artik,PG
nivuik peak 1,EN D/Comp,Niviuk Peak,PG
nivuik peak 2,EN D/Comp,Niviuk Peak 2,PG
nivuk artik 4,EN C,Niviuk Artik 4,PG
nivuk artik4,EN C,Niviuk Artik 4,PG
nivuk hook2,EN B,Niviuk Hook 2,PG
noava mamboo,EN B,Nova Mamboo,PG
nova  factor,EN C,Nova Factor,PG
nova  mentor,EN B,Nova Mentor,PG
nova  triton,EN D/Comp,Nova Triton,PG
nova aeron,EN C,Nova Aeron,PG
nova argon,EN D/Comp,Nova Argon,PG
nova artax,EN B,Nova Artax,PG
nova artax m,EN B,Nova Artax,PG
nova artix,EN B,Nova Artax,PG
nova carbon,,Nova Carbon,PG
nova factor,EN C,Nova Factor,PG
nova factor 1,EN C,Nova Factor,PG
nova factor 2,EN C,Nova Factor 2,PG
nova factor2 light,EN C,Nova Factor 2,PG
nova ibex 15,Mini,Nova Ibex,PG
nova ibex 19,Mini,Nova Ibex,PG
nova ibex19,Mini,Nova Ibex,PG
nova ion,EN B,Nova Ion,PG
nova ion 2,EN B,Nova Ion 2,PG
nova ion 2 light,EN B,Nova Ion 2,PG
nova ion 3,EN B,Nova Ion 3,PG
nova ion2,EN B,Nova Ion 2,PG
nova ion2 light,EN B,Nova Ion 2,PG
nova ion-2 light,EN B,Nova Ion 2,PG
nova mamboo,EN B,Nova Mamboo,PG
nova mamboo s,EN B,Nova Mamboo,PG
nova mamboo s.,EN B,Nova Mamboo,PG
nova mantra 3,,Nova Mantra 3,PG
nova mentor,EN B,Nova Mentor,PG
nova mentor 1,EN B,Nova Mentor,PG
nova mentor 2,EN B,Nova Mentor 2,PG
nova mentor 2 m,EN B,Nova Mentor 2,PG
nova mentor 3,EN B,Nova Mentor 3,PG
nova mentor 3 light,EN B,Nova Mentor 3,PG
nova mentor 4,EN B,Nova Mentor 4,PG
nova mentor2,EN B,Nova Mentor 2,PG
nova mentor3,EN B,Nova Mentor 3,PG
nova mentor3 light,EN B,Nova Mentor 3,PG
nova mentor4,EN B,Nova Mentor 4,PG
nova niviuk artic 3,EN C,Niviuk Artik 3,PG
nova oryx,EN B,Nova Oryx,PG
nova ra,EN C,Nova Ra,PG
nova radon,EN C,Nova Radon,PG
nova rookie,EN B,Nova Rookie,PG
nova syntax,EN B,Nova Syntax,PG
nova tatoo,EN C,Nova Tattoo,PG
nova tattoo,EN C,Nova Tattoo,PG
nova triton,EN D/Comp,Nova Triton,PG
nova triton 2,EN D/Comp,Nova Triton 2,PG
nova triton 2 s,EN D/Comp,Nova Triton 2,PG
nova triton 22,EN D/Comp,Nova Triton,PG
nova triton x,EN D/Comp,Nova Triton,PG
nova tycoon,EN D/Comp,Nova Tycoon,PG
nova xray,EN C,Nova X-Ray,PG
nova x-ray,EN C,Nova X-Ray,PG
nuviuk peak 2,EN D/Comp,Niviuk Peak 2,PG
ozon mantra m4,EN D/Comp,Ozone Mantra M4,PG
ozone  rush,EN B,Ozone Rush,PG
ozone  vibe,EN B,Ozone Vibe,PG
ozone addict,EN C,Ozone Addict,PG
ozone addict 2,EN C,Ozone Addict 2,PG
ozone addict ii,EN C,Ozone Addict 2,PG
ozone addict r,EN C,Ozone Addict R,PG
ozone addict2,EN C,Ozone Addict 2,PG
ozone addictr,EN C,Ozone Addict R,PG
ozone alpina,EN C,Ozone Alpina,PG
ozone alpina 2,EN C,Ozone Alpina 2,PG
ozone alpina 2 ms,EN C,Ozone Alpina 2,PG
ozone alpina2,EN C,Ozone Alpina 2,PG
ozone buzz,EN B,Ozone Buzz,PG
ozone buzz z,EN B,Ozone Buzz Z,PG
ozone buzz z3,EN B,Ozone Buzz Z3,PG
ozone buzz z4,EN B,Ozone Buzz Z4,PG
ozone delta,EN C,Ozone Delta,PG
ozone delta 1,EN C,Ozone Delta,PG
ozone delta 2,EN C,Ozone Delta 2,PG
ozone delta2,EN C,Ozone Delta 2,PG
ozone electron,EN B,Ozone Electron,PG
ozone enzo,EN D/Comp,Ozone Enzo,PG
ozone enzo 2,EN D/Comp,Ozone Enzo 2,PG
ozone enzo m,EN D/Comp,Ozone Enzo,PG
ozone enzo2,EN D/Comp,Ozone Enzo 2,PG
ozone geo,EN B,Ozone Geo,PG
ozone geo 2,EN B,Ozone Geo 2,PG
ozone geo ii,EN B,Ozone Geo 2,PG
ozone geo3,EN B,Ozone Geo 3,PG
ozone lm 4,EN D/Comp,Ozone LM 4,PG
ozone lm 5,EN D/Comp,Ozone LM 5,PG
ozone lm4,EN D/Comp,Ozone LM 4,PG
ozone lm5,EN D/Comp,Ozone LM 5,PG
ozone m3,EN D/Comp,Ozone Mantra M3,PG
ozone m4,EN D/Comp,Ozone Mantra M4,PG
ozone m6,EN D/Comp,Ozone Mantra M6,PG
ozone magnum,Tandem,Ozone Magnum,PG
ozone mantra,EN D/Comp,Ozone Mantra,PG
ozone mantra 2,EN D/Comp,Ozone Mantra M2,PG
ozone mantra 3,EN D/Comp,Ozone Mantra M3,PG
ozone mantra 4,EN D/Comp,Ozone Mantra M4,PG
ozone mantra 6,EN D/Comp,Ozone Mantra M6,PG
ozone mantra m2,EN D/Comp,Ozone Mantra M2,PG
ozone mantra m3,EN D/Comp,Ozone Mantra M3,PG
ozone mantra m4,EN D/Comp,Ozone Mantra M4,PG
ozone mantra m6,EN D/Comp,Ozone Mantra M6,PG
ozone mantra r,EN D/Comp,Ozone Mantra R,PG
ozone mantra r07,EN D/Comp,Ozone Mantra R07,PG
ozone mantra r10.2,EN D/Comp,Ozone Mantra R10.2,PG
ozone mantra r11,EN D/Comp,Ozone Mantra R11,PG
ozone mojo 2,EN A,Ozone Mojo 2,PG
ozone mojo 4,EN A,Ozone Mojo 4,PG
ozone octane,,Ozone Octane,PG
ozone ozone delta 2,EN C,Ozone Delta 2,PG
ozone proton,EN D/Comp,Ozone Proton,PG
ozone r10.2,EN D/Comp,Ozone Mantra R10.2,PG
ozone r11,EN D/Comp,Ozone Mantra R11,PG
ozone r12,EN D/Comp,Ozone Mantra R12,PG
ozone rush,EN B,Ozone Rush,PG
ozone rush 1,EN B,Ozone Rush,PG
ozone rush 2,EN B,Ozone Rush 2,PG
ozone rush 3,EN B,Ozone Rush 3,PG
ozone rush 4,EN B,Ozone Rush 4,PG
ozone rush2,EN B,Ozone Rush 2,PG
ozone rush3,EN B,Ozone Rush 3,PG
ozone sigma6,EN C,Advance Sigma 6,PG
ozone swift,EN B,Ozone Swift,PG
ozone swift 2,EN B,Ozone Swift 2,PG
ozone swift 4,EN B,Ozone Swift 4,PG
ozone swift2,EN B,Ozone Swift 2,PG
ozone swift4,EN B,Ozone Swift 4,PG
ozone ul19,,Ozone Ultralite,PG
ozone ul3 19,,Ozone Ultralite,PG
ozone ultralite,,Ozone Ultralite,PG
ozone ultralite 19,,Ozone Ultralite,PG
ozone vibe,EN B,Ozone Vibe,PG
ozone vulcan,EN C,Ozone Vulcan,PG
ozone vulcan l,EN C,Ozone Vulcan,PG
paramania action gt,,Paramania Action Gt,PG
paratech bi 8,,Paratech Bi 8,PG
paratech p 43,,Paratech P 43,PG
paratech p43,,Paratech P43,PG
paratech p44,,Paratech P44,PG
paratech pbi6,,Paratech PBi6,PG
paratech tandem,,Paratech Tandem,PG
peak peek,,Peak Peek,PG
pro-design accura,,Pro-Design Accura,PG
prodesign profeel,,Prodesign Profeel,PG
sigma 8,EN C,Advance Sigma 8,PG
skp espace,EN B,Escape S'Pace,PG
sky anakis 2,EN B,Sky Anakis 2,PG
sky antea,EN C,Sky Antea,PG
sky antea 2,EN C,Sky Antea 2,PG
sky ares,EN D/Comp,Sky Ares,PG
sky ares 2,EN D/Comp,Sky Ares 2,PG
sky argos,EN C,Sky Argos,PG
sky atis,EN B,Sky Atis,PG
sky atis 2,EN B,Sky Atis 2,PG
sky atis 3,EN B,Sky Atis 3,PG
sky atis2,EN B,Sky Atis 2,PG
sky brontes,EN C,Sky Brontes,PG
sky cimea,,sky cimea,PG
sky eris 4,EN D/Comp,Sky Eris 4,PG
sky fides 2 evo,EN A,Sky Fides 2,PG
sky metis,Tandem,Sky Metis,PG
sky metis tandem,Tandem,Sky Metis,PG
sky metis2,Tandem,Sky Metis 2,PG
sky paragliders ares 2,EN D/Comp,Sky Ares 2,PG
sky paras ares 2,EN D/Comp,Sky Ares 2,PG
skywalk cayene 3,EN C,Skywalk Cayenne 3,PG
skywalk cayenne,EN C,Skywalk Cayenne,PG
skywalk cayenne 2,EN C,Skywalk Cayenne 2,PG
skywalk cayenne 3,EN C,Skywalk Cayenne 3,PG
skywalk cayenne 4,EN C,Skywalk Cayenne 4,PG
skywalk cayenne 5,EN C,Skywalk Cayenne 5,PG
skywalk cayenne2,EN C,Skywalk Cayenne 2,PG
skywalk cayenne4,EN C,Skywalk Cayenne 4,PG
skywalk cayenne5,EN C,Skywalk Cayenne 5,PG
skywalk chili,EN B,Skywalk Chili,PG
skywalk chili 2,EN B,Skywalk Chili 2,PG
skywalk chili 3,EN B,Skywalk Chili 3,PG
skywalk chili3,EN B,Skywalk Chili 3,PG
skywalk chilli,EN B,Skywalk Chilli,PG
skywalk chilli 3,EN B,Skywalk Chili 3,PG
skywalk hype,EN B,Skywalk Hype,PG
skywalk joint,Tandem,Skywalk Joint,PG
skywalk mescal,EN A,Skywalk Mescal,PG
skywalk mescal 2,EN A,Skywalk Mescal 2,PG
skywalk mescal 3,EN A,Skywalk Mescal 3,PG
skywalk mescal 4,EN A,Skywalk Mescal 4,PG
skywalk mescal2,EN A,Skywalk Mescal 2,PG
skywalk poison,EN D/Comp,Skywalk Poison,PG
skywalk poison 2,EN D/Comp,Skywalk Poison 2,PG
skywalk poison2,EN D/Comp,Skywalk Poison2,PG
skywalk tequila,EN B,Skywalk Tequila,PG
skywalk tequila 1,EN B,Skywalk Tequila,PG
skywalk tequila 2,EN B,Skywalk Tequila 2,PG
skywalk tequila 3,EN B,Skywalk Tequila 3,PG
skywalk tequila 4,EN B,Skywalk Tequila 4,PG
skywalk tequila2,EN B,Skywalk Tequila 2,PG
skywalker posion,EN D/Comp,Skywalk Posion,PG
sol ellis 2,EN B,Sol Ellus 2,PG
sol ellus 2,EN B,Sol Ellus 2,PG
sol ellus 3,EN B,Sol Ellus 3,PG
sol ellus2,EN B,Sol Ellus 2,PG
sol koala,Tandem,Sol Koala,PG
sol synergy 4,EN C,Sol Synergy 4,PG
sol synergy 5,EN C,Sol Synergy 5,PG
soll koala,Tandem,Soll Koala,PG
swing arcus,EN B,Swing Arcus,PG
swing arcus 3,EN B,Swing Arcus 3,PG
swing arcus 4,EN B,Swing Arcus 4,PG
swing arcus 5,EN B,Swing Arcus 5,PG
swing arcus 6,EN B,Swing Arcus 6,PG
swing arcus 7,EN B,Swing Arcus 7,PG
swing arcus4,EN B,Swing Arcus 4,PG
swing astral,EN C,Swing Astral,PG
swing astral 3,EN C,Swing Astral 3,PG
swing astral 4,EN C,Swing Astral 4,PG
swing astral 5,EN C,Swing Astral 5,PG
swing astral 6,EN C,Swing Astral 6,PG
swing astral 7,EN C,Swing Astral 7,PG
swing astral5,EN C,Swing Astral 5,PG
swing astral6,EN C,Swing Astral 6,PG
swing astral7,EN C,Swing Astral 7,PG
swing core 2,EN D/Comp,Swing Stratus Core 2,PG
swing core 3,EN D/Comp,Swing Core 3,PG
swing mistral,EN B,Swing Mistral,PG
swing mistral 2,EN B,Swing Mistral 2,PG
swing mistral 3,EN B,Swing Mistral 3,PG
swing mistral 4,EN B,Swing Mistral 4,PG
swing mistral 5,EN B,Swing Mistral 5,PG
swing mistral 6,EN B,Swing Mistral 6,PG
swing mistral 7,EN B,Swing Mistral 7,PG
swing mistral twin,Tandem,Swing Mistral Twin,PG
swing mistral7,EN B,Swing Mistral 7,PG
swing nexus,EN C,Swing Nexus,PG
swing stratus 7 gs,EN D/Comp,Swing Stratus 7,PG
swing stratus core,EN D/Comp,Swing Stratus Core,PG
swing stratus gs,EN D/Comp,Swing Stratus,PG
swing stratus wrc,EN D/Comp,Swing Stratus,PG
team 5 blue,EN B,Team 5 Blue,PG
team 5 blue (en b),EN B,Team 5 Blue,PG
team 5 blue mountain,EN B,Team 5 Blue Mountain,PG
team 5 green (dhv 1),EN A,Team 5 Green,PG
team 5 red,EN C,Team 5 Red,PG
team5 blue,EN B,Team 5 Blue,PG
triple 7 rook,EN B,777 Rook,PG
triple seven queen,EN C,777 Queen,PG
triple seven rook,EN B,777 Rook,PG
u turn obsession,EN B,U-Turn Obsession,PG
ultima u sport,,Ultima U Sport,PG
up  summit 3,EN C,UP Summit XC 3,PG
up ascent 2,EN A,UP Ascent 2,PG
up ascent 3,EN A,UP Ascent 3,PG
up edge xr,EN D/Comp,UP Edge XR,PG
up kantaga,EN B,UP Kantaga,PG
up kantega,EN B,UP Kantega,PG
up kantega xc,EN B,UP Kantega XC,PG
up kantega xc 2,EN B,UP Kantega XC 2,PG
up kantega xc2,EN B,UP Kantega XC 2,PG
up makalu 2,EN B,UP Makalu 2,PG
up makalu 3,EN B,UP Makalu 3,PG
up summit 3,EN C,UP Summit XC 3,PG
up summit xc,EN C,UP Summit XC,PG
up summit xc2,EN C,UP Summit XC 2,PG
up summit xc-2,EN C,UP Summit XC 2,PG
up summit xc3,EN C,UP Summit XC 3,PG
up targa,EN D/Comp,UP Targa,PG
up targa 2,EN D/Comp,UP Targa 2,PG
up targa ii,EN D/Comp,UP Targa 2,PG
up trango,EN C,UP Trango,PG
up trango 2,EN C,UP Trango 2,PG
up trango 3,EN C,UP Trango 3,PG
up trango c,EN C,UP Trango XC,PG
up trango ii,EN C,UP Trango 2,PG
up trango xc,EN C,UP Trango XC,PG
up trango xc 2,EN C,UP Trango XC 2,PG
up trango xc 3,EN C,UP Trango XC3,PG
up trango xc2,EN C,UP Trango XC 2,PG
up trango xc3,EN C,UP Trango XC3,PG
up xc3,EN C,UP Trango XC3,PG
u-turn blacklight,EN B,U-Turn Blacklight,PG
u-turn lightning,EN B,U-Turn Lightning,PG
u-turn obsession,EN B,U-Turn Obsession,PG
u-turn passion,EN C,U-Turn Passion,PG
wills wing eagle 164,,Wills Wing Eagle 164,HG
wills wing sport 2,,Wills Wing Sport 2,HG
wills wing t2,,Wills Wing T2,HG
wills wing t2c,,Wills Wing T2C,HG
wills wing t2c 144,,Wills Wing T2C 144,HG
wills wing talon,,Wills Wing Talon,HG
wills wing talon 140,,Wills Wing Talon 140,HG
wills wing u2,,Wills Wing U2,HG
wills wings t2c 144,,Wills Wings T2C 144,HG
willswing t2c,,Willswing T2C,HG
willswing t2c 144,,Willswing T2C 144,HG
windtech bantoo,,Windtech Bantoo,PG
windtech combat sc,,Windtech Combat Sc,PG
windtech honey,,Windtech Honey,PG
windtech nitro,,Windtech Nitro,PG
windtech pulsar,,Windtech Pulsar,PG
windtech pulsar 27,,Windtech Pulsar 27,PG
windtech quarx,,Windtech Quarx,PG
windtech quarx 2,,Windtech Quarx 2,PG
windtech quarx ii,,Windtech Quarx Ii,PG
windtech serak,,Windtech Serak,PG
windtech syncro,,Windtech Syncro,PG
windtech tactic,,Windtech Tactic,PG
windtech tecno,,Windtech Tecno,PG
windtech tempest,,Windtech Tempest,PG
ww s2,,Ww S2,HG
xix form 3,,Xix Form 3,PG
xix sens c4,,Xix Sens C4,PG
777 king,EN D/Comp,777 King,PG
777 rook 2,EN B,777 Rook 2,PG
777 rook2,EN B,777 Rook 2,PG
advance epsilon 8,EN B,Advance Epsilon 8,PG
advance iota 26,EN B,Advance Iota,PG
advance omega 9 xalps,EN D/Comp,Advance Omega 9,PG
advance omega x alps,EN D/Comp,Advance Omega 9,PG
advance omega x-alps,EN D/Comp,Advance Omega 9,PG
advance omega xalps,EN D/Comp,Advance Omega 9,PG
advance xalps 22,EN D/Comp,Advance Omega 9,PG
air atos vr,,Air Atos VR,HG
air design pure 3,EN D/Comp,Air Design Pure 3,PG
air design rise 2,EN B,Air Design Rise 2,PG
air design volt 2,EN C,Air Design Volt 2,PG
aircross u sport 2,EN D/Comp,Aircross U Sport 2,PG
aircross usport 2,EN D/Comp,Aircross U Sport 2,PG
airdesign pure 2,EN D/Comp,Air Design Pure 2,PG
airdesign pure 3,EN D/Comp,Air Design Pure 3,PG
airdesign volt 2,EN C,Air Design Volt 2,PG
airwave mustang2,EN C,Airwave Mustang 2,PG
axis vega 5,EN C,Axis Vega 5,PG
bgd base,EN B,BGD Base,PG
bgd cure,EN C,BGD Cure,PG
escape s-tream,EN C,Escape S'Tream,PG
gin becool 39 (tandem),Tandem,Gin Becool,PG
gin carrera pluss,EN B,Gin Carrera Plus,PG
gin fuse,Tandem,Gin Fuse,PG
gin sprint 3,EN B,Gin Sprint 3,PG
gin yeti 4,EN A,Gin Yeti 4,PG
gradient avax xc 5,EN D/Comp,Gradient Avax XC 5,PG
gradient avax xc5,EN D/Comp,Gradient Avax XC 5,PG
gradient bigolden 2,Tandem,Gradient Bi Golden 2,PG
gradient bigolden 3,Tandem,Gradient Bi Golden 3,PG
independence geronimo,EN B,Independence Geronimo,PG
little cloud goose,Mini,Little Cloud Goose,PG
macpara elan,EN C,Mac Para Elan,PG
macpara magus xc2,EN D/Comp,Mac Para Magus XC 2,PG
niviuk arti3,EN C,Niviuk Artik 3,PG
niviuk f-gravity 2,,Niviuk F-Gravity 2,PG
niviuk ikuma,EN B,Niviuk Ikuma,PG
niviuk ip7pro,EN D/Comp,Niviuk Icepeak 7,PG
niviuk peak 3 x-alps,EN D/Comp,Niviuk Peak 3,PG
niviuk peak 4,EN D/Comp,Niviuk Peak 4,PG
niviuk sigma 9,EN C,Advance Sigma 9,PG
niviuk skin,,Niviuk Skin,PG
niviuk takoo 3 tandem,Tandem,Niviuk Takoo 3,PG
nova ion 4,EN B,Nova Ion 4,PG
nova mentor 4 light,EN B,Nova Mentor 4,PG
nova triton 2 light,EN D/Comp,Nova Triton 2,PG
nova triton2,EN D/Comp,Nova Triton 2,PG
ozone buzz z5,EN B,Ozone Buzz Z5,PG
ozone enzo 2 20,EN D/Comp,Ozone Enzo 2,PG
ozone lm6,EN D/Comp,Ozone LM 6,PG
ozone mag2lite,Tandem,Ozone Magnum 2,PG
ozone mantra r12,EN D/Comp,Ozone Mantra R12,PG
ozone zeno,EN D/Comp,Ozone Zeno,PG
sky cima,,Sky Cima,PG
skywalk spice,EN C,Skywalk Spice,PG
swing nyos,EN B,Swing Nyos,PG
trango xc2,EN C,UP Trango XC 2,PG
trekking senso,,Trekking Senso,PG
triple 7 king,EN D/Comp,777 King,PG
triple 7 rook 2,EN D/Comp,777 Rook 2,PG
triple seven king,EN D/Comp,777 King,PG
u- turn blacklight,EN B,U-Turn Blacklight,PG
u-turn infinity 2,,U-Turn Infinity 2,PG
uturn blacklight,EN B,U-Turn Blacklight,PG
wills wing talon 150,,wills wing talon 150,HG
advance alpha 6,EN B,Advance Alpha 6,PG
advance bi beta 5,Tandem,Advance Bi Beta 5,PG
advance bi-beta 5,Tandem,Advance Bi Beta 5,PG
advance omega x-alps 2,EN D/Comp,Advance Omega X-Alps 2,PG
advance pi 2,EN A,Advance Pi 2,PG
advance sigma 10,EN C,Advance Sigma 10,PG
advance sigma10,EN C,Advance Sigma 10,PG
airdesign rise 2,,Air Design Rise 2,PG
axis para venus 4,EN D/Comp,Axis Venus 4,PG
bdg tala,EN C,BGD Tala,PG
bgd tala light,EN C,BGD Tala Light,PG
gin bolero 5,EN A,Gin Bolero 5,PG
gin boomerang 11,EN D/Comp,Gin Boomerang 11,PG
gin explorer,EN B,Gin Explorer,PG
gradient aspen 6,EN C,Gradient Aspen 6,PG
gradient bi golden3,Tandem,Gradient Bi Golden 3,PG
gradient nevada 2,EN B,Gradient Nevada 2,PG
little cloud goose 3,,Little Cloud Goose 3,PG
mac para eden 6,EN B,Mac Para Eden 6,PG
mac para elan 2,EN C,Mac Para Elan 2,PG
macpara eden 6,EN B,Mac Para Eden 6,PG
macpara eden6,EN B,Mac Para Eden 6,PG
mcpara eden 6,EN B,Mac Para Eden 6,PG
niviuk artic 4,EN C,Niviuk Artik 4,PG
niviuk  hook,EN B,Niviuk Hook,PG
niviuk hook 4,EN B,Niviuk Hook 4,PG
niviuk klimber p,EN D/Comp,Niviuk Klimber P,PG
nivuik ikuma,EN B,Niviuk Ikuma,PG
nivuk peak 4,EN D/Comp,Niviuk Peak 4,PG
nova mentor 5,EN B,Nova Mentor 5,PG
nova phantom,EN B,Nova Phantom,PG
ozone buzz 4,EN B,Ozone Buzz 4,PG
ozone buzz 5,EN B,Ozone Buzz 5,PG
ozone delta 3,EN C,Ozone Delta 3,PG
ozone enzo 1,EN D/Comp,Ozone Enzo,PG
ozone enzo 3,EN D/Comp,Ozone Enzo 3,PG
ozone enzo3,EN D/Comp,Ozone Enzo 3,PG
ozone factor 1,,Ozone Factor,PG
ozone magnum 2,Tandem,Ozone Magnum 2,PG
ozone mentor 3,EN B,Nova Mentor 3,PG
ozone mojo 3,EN A,Ozone Mojo 3,PG
ozone rush4,EN B,Ozone Rush 4,PG
ozone swiftmax,Tandem,Ozone Swiftmax,PG
ozone swiftmax tandem,Tandem,Ozone Swiftmax,PG
skyman cross country,EN B,Skyman Cross Country,PG
skywalk chili 4,EN B,Skywalk Chili 4,PG
skywalk chili3s,EN B,Skywalk Chili 3,PG
skywalk chili4,EN B,Skywalk Chili 4,PG
skywalk chilli 4,EN B,Skywalk Chili 4,PG
skywalk poison x alps,EN D/Comp,Skywalk Poison X-Alps,PG
skywalk poison x-alps,EN D/Comp,Skywalk Poison X-Alps,PG
skywalk poison xalps,EN D/Comp,Skywalk Poison X-Alps,PG
supair leaflight,EN B,Supair Leaf,PG
supair taska,EN C,Supair Taska,PG
trekking senso sport,,Trekking Senso Sport,PG
triple 7   rook 2,EN B,777 Rook 2,PG
triple 7  rook 2,EN B,777 Rook 2,PG
triple seven rook2,EN B,777 Rook 2,PG
u turn blacklight2,EN B,U-Turn Blacklight 2,PG
u-turn blacklight 2,EN B,U-Turn Blacklight 2,PG
up lhotse,EN B,UP Lhotse,PG
up summit xc4,EN B,UP Summit XC 4,PG
up trango x race,EN D/Comp,UP Trango X-Race,PG
up trango xrace,EN D/Comp,UP Trango X-Race,PG
advance delta 3,EN C,Ozone Delta 3,PG
advance iota 2,EN B,Advance Iota 2,PG
advance iota2,EN B,Advance Iota 2,PG
advance omega x alps 2,EN D/Comp,Advance Omega X-Alps 2,PG
advance omega xalps 2,EN D/Comp,Advance Omega X-Alps 2,PG
advance omega xalps2,EN D/Comp,Advance Omega X-Alps 2,PG
advance pi2,Mini,Advance Pi 2,PG
advanced sigma 10,EN C,Advance Sigma 10,PG
air design volt 3,EN C,Air Design Volt 3,PG
aircross ufly2,EN B,Aircross U Fly 2,PG
bgd epic,EN B,BGD Epic,PG
bgd lynx,EN C,BGD Lynx,PG
flow xcracer,EN D/Comp,Flow XC Racer,PG
gin leopard,EN D/Comp,Gin Leopard,PG
little cloud gyps,EN D/Comp,Little Cloud Gyps,PG
mac para elan,EN C,Mac Para Elan,PG
mac para illusion,EN B,Mac Para Illusion,PG
niviuk artik 5,EN C,Niviuk Artik 5,PG
niviuk klimber,EN D/Comp,Niviuk Klimber,PG
niviuk klimber p 24,EN D/Comp,Niviuk Klimber,PG
niviuk peak4,EN D/Comp,Niviuk Peak 4,PG
nova anvance epsilon 8,EN B,Advance Epsilon 8,PG
nova mentor 5 light,EN B,Nova Mentor 5,PG
nova sector,EN C,Nova Sector,PG
ozone alpina 3,EN C,Ozone Alpina 3,PG
ozone mojo 5,EN A,Ozone Mojo 5,PG
ozone rush 5,EN B,Ozone Rush 5,PG
ozone swift max,EN B,Ozone Swift Max,PG
skyman cross alps,EN C,Skyman Cross Alps,PG
skywalk arriba 3,EN B,Skywalk Arriba 3,PG
skywalk cumeo,EN B,Skywalk Cumeo,PG
skywalker arriba3,EN B,Skywalk Arriba 3,PG
supair leaf,EN B,Supair Leaf,PG
supair wild,EN D/Comp,Supair Wild,PG
swing nyos rs,EN B,Swing Nyos RS,PG
triple seven knight,EN B,777 Knight,PG
triple seven queen 2,EN C,777 Queen 2,PG
triple seven rook 2,EN B,777 Rook 2,PG
up meru,EN D/Comp,UP Meru,PG
up trango x-race,EN C,UP Trango X-Race,PG
up trango xc-race,EN C,UP Trango X-Race,PG
advance bgd punk,EN B,BGD Punk,PG
advance epsilon 9,EN B,Advance Epsilon 9,PG
advance omega xalps 3,EN D/Comp,Advance Omega X-Alps 3,PG
advance pibi,Tandem,Advance PiBi,PG
advance xalps2,EN D/Comp,Advance Omega X-Alps 2,PG
advance xi,EN B,Advance XI,PG
axis venus sc,EN C,Axis Venus SC,PG
bgd adam,EN A,BGD Adam,PG
bgd punk,EN B,BGD Punk,PG
bgd riot,EN B,BGD Riot,PG
flow spectra,EN D/Comp,Flow Spectra,PG
gin bolero 6,EN A,Gin Bolero 5,PG
gin bonanza 2,EN C,Gin Bonanza 2,PG
gin evo,EN B,Gin Sprint Evo,PG
gin zeno,EN D/Comp,Ozone Zeno,PG
gradient swing nyos,EN B,Swing Nyos,PG
gradient. nevada,EN B,Gradient Nevada,PG
mac para eden 3,EN B,Mac Para Eden 3,PG
mac para magus,EN D/Comp,Mac Para Magus,PG
mac para paradis,EN B,Mac Para Paradis,PG
moyes rx3.5,,moyes rx3.5,HG
niviuk artic 5,EN C,Niviuk Artic 5,PG
nova ion 5,EN B,Nova Ion 5,PG
ozone delta3,EN C,Ozone Delta 3,PG
ozone donkey,,ozone donkey,PG
ozone geo 5,EN B,Ozone Geo 5,PG
ozone litespeed,Mini,Ozone Litespeed,PG
ozone m7,EN D/Comp,Ozone Mantra M7,PG
ozone mantra m7,EN D/Comp,Ozone Mantra M7,PG
ozone mojo,EN A,Ozone Mojo,PG
ozone rush5,EN B,Ozone Rush 5,PG
ozone swift 5,EN B,Ozone Swift 5,PG
ozone zeolite,EN D/Comp,Ozone Zeolite,PG
phi maestro,EN B,Phi Maestro,PG
phi tenor,EN B,Phi Tenor,PG
phi tenor light,EN B,Phi Tenor,PG
skywalk arak,EN B,Skywalk Arak,PG
skywalk tequila 5,EN B,Skywalk Tequila 5,PG
sol sycross,EN B,Sol Sycross,PG
supair leaf lite,EN B,Supair Leaf,PG
swing agera rs,EN C,Swing Agera RS,PG
swing apus rs,Mini,Swing Apus RS,PG
swing arcus rs lite,EN B,Swing Arcus RS,PG
up kibo,EN B,UP Kibo,PG
up makalu 4,EN B,UP Makalu 4,PG
up omega x-alps,EN D/Comp,Advance Omega X-Alps,PG
up x-race,EN D/Comp,UP Trango X-Race,PG
up xc summit 4,EN B,UP Summit XC 4,PG
advance oxa 3,EN D/Comp,Advance Omega X-Alps 3,PG
flow fusion,EN C,Flow Fusion,PG
gin camino,EN C,Gin Camino,PG
macpara muse 3,EN A,Mac Para Muse 3,PG
ozone lm7,EN D/Comp,Ozone LM 7,PG
sol sycross one,EN B,Sol Sycross One,PG
trekking sport,EN B,Trekking Senso Sport,PG
triple 7 queen 2,EN C,777 Queen 2,PG
up guru,EN D/Comp,Up Guru,PG
777 rook 3,EN B,777 Rook 3,PG
ad volt3,EN C,Air Design Volt 3,PG
advance advance iota,EN B,Advance Iota,PG
advance advance xi,EN B,Advance Xi,PG
air design rise 2 superlight,EN B,Air Design Rise 2,PG
bgd cure 1,EN C,BGD Cure,PG
gin atlas x alps,EN B,Gin Atlas X-Alps,PG
gin bonanza2,EN C,Gin Bonanza 2,PG
icaro buteo xc,EN B,Icaro Buteo XC,PG
little cloud goose mk3 25m,Mini,Little Cloud Goose 3,PG
mac eden 7,EN B,Mac Para Eden 7,PG
mac para eden 7,EN B,Mac Para Eden 7,PG
macpara eden7,EN B,Mac Para Eden 7,PG
ozone delta 4,EN C,Ozone Delta 4,PG
ozone geo 3,EN B,Ozone Geo 3,PG
ozone mantra lm7,EN D/Comp,Ozone LM 7,PG
ozone ozone rush 4,EN B,Ozone Rush 4,PG
ozone rush 4 ms,EN B,Ozone Rush 4,PG
skywalk xalps4,EN D/Comp,Skywalk X-Alps 4,PG
supair savage,EN C,Supair Savage,PG
swing helios rs,EN C,Swing Helios RS,PG
triple 7 rook 3,EN B,777 Rook 3,PG
wings of change x-fighter,,Wings of Change X-Fighter,PG
777 knight,EN B,777 Knight,PG
777 q-light,EN C,777 Queen,PG
777 q2,EN C,777 Queen 2,PG
777 queen 2,EN C,777 Queen 2,PG
advance advanceiota2,EN B,Advance Iota 2,PG
advance alpina,EN C,Ozone Alpina,PG
advance bibeta 6,Tandem,Advance Bi Beta 6,PG
advance epsilon8,EN B,Advance Epsilon 8,PG
advance iota 1,EN B,Advance Iota,PG
advance omega x-alps 3,EN D/Comp,Advance Omega X-Alps 3,PG
advance omega xalps3,EN D/Comp,Advance Omega X-Alps 3,PG
advance oxa2,EN D/Comp,Advance Omega X-Alps 2,PG
advance oxa3,EN D/Comp,Advance Omega X-Alps 3,PG
advance pi 3,EN C,Advance Pi 3,PG
advance sigma 10 25,EN C,Advance Sigma 10,PG
advance sigma 11,EN C,Advance Sigma 11,PG
air-design soar,EN B,Air Design Soar,PG
air atos vq 11,,Air Atos VQ 11,HG
air design hero,EN D/Comp,Air Design Hero,PG
air design rise 4,EN B,Air Design Rise 4,PG
air design rise4,EN B,Air Design Rise 4,PG
air design soar,EN B,Air design Soar,PG
air design vivo,EN B,Air Design Vivo,PG
airdesign rise4,EN B,Air Design Rise 4,PG
avian evo 2,,Avian Evo 2,HG
axes vega,EN C,Axis Vega,PG
axis vega,EN C,Axis Vega,PG
bgd base 2,EN B,BGD Base 2,PG
bgd cure 2,EN B,BGD Cure 2,PG
davinci funky,EN B,Davinci Funky,PG
dudek optic 2,EN B,Dudek Optic 2,PG
flow fusion light,EN C,Flow Fusion,PG
gin balero 4,EN A,Gin Bolero 4,PG
gin calypso,EN B,Gin Calypso,PG
gin explorer 2,EN B,Gin Explorer 2,PG
gin leopard s,EN D/Comp,Gin Leopard,PG
gin puma,EN D/Comp,Gin Puma,PG
icaro gravis 2,EN B,Icaro Gravis 2,PG
independence pioneer 3,EN A,Independence Pioneer 3,PG
macpara eden 7,EN B,Mac Para Eden 7,PG
macpara illusion,EN B,Mac Para Illusion,PG
mcpara eden 7,EN B,Mac Para Eden 7,PG
niviuk ikuma 2p,EN B,Niviuk Ikuma 2,PG
niviuk x-one,EN D/Comp,Niviuk Icepeak X-One,PG
nova ion4,EN B,Nova Ion 4,PG
nova ion5 light,EN B,Nova Ion 5,PG
nova mentor 6,EN B,Nova Mentor 6,PG
nova mentor 6 light,EN B,Nova Mentor 6,PG
ozone a4,EN C,Ozone Alpina 4,PG
ozone alpina 4,EN C,Ozone Alpina 4,PG
ozone buzz z6,EN B,Ozone Buzz Z6,PG
ozone delta4,EN C,Ozone Delta 4,PG
ozone geo 4,EN B,Ozone Geo 4,PG
ozone mantra 7,EN D/Comp,Ozone Mantra M7,PG
ozone mojo5,EN A,Ozone Mojo 5,PG
ozone rush 6,EN B,Ozone Rush 6,PG
ozone zeolite gt,EN D/Comp,Ozone Zeolite GT,PG
phi allegro,EN C,Phi Allegro,PG
phi beat,EN B,Phi Beat,PG
phi beat light,EN B,Phi Beat,PG
skywalk cayenne 6,EN C,Skywalk Cayenne 6,PG
skywalk mescal 5,EN A,Skywalk Mescal 5,PG
swing arcus rs,EN B,Swing Arcus RS,PG
swing discus,EN A,Swing Discus,PG
triple seven king 2,EN D/Comp,777 King 2,PG
triple seven r light 3,EN B,777 R-Light 3,PG
triple seven rook 3,EN B,777 Rook 3,PG
triple seven rook light 3,EN B,777 Rook 3,PG
tripleseven knight,EN B,777 Knight,PG
u-turn blacklight 2 raven,EN B,U-Turn Blacklight 2,PG
u-turn vision,EN B,U-Turn Vision,PG
up kangri,EN B,UP Kangri,PG
up mana,EN B,UP Mana,PG
up zeolite gt,EN D/Comp,Ozone Zeolite GT,PG
uturn crossrock,EN B,U-Turn Crossrock,PG
777 queen2,EN C,777 Queen 2,PG
advance alpha 7,EN A,Advance Alpha 7,PG
advance omega x alps 3,EN D/Comp,Advance Omega X-Alps 3,PG
advance omega xalp 2,EN D/Comp,Advance Omega X-Alps 2,PG
advanve sigma 10,EN C,Advance Sigma 10,PG
air cross u-fly 2,EN B,Aircross U Fly 2,PG
air design eazy sl,EN A,Air Design Easy 2,PG
air design rise 3,EN B,Air design Rise 3,PG
air design volt 4,EN C,Air Design Volt 4,PG
airdesign volt 4,EN C,Air Design Volt 4,PG
airdesign volt4,EN C,Air Design Volt 4,PG
bdg base 2,EN B,BGD Base 2,PG
bgd base 2 lite,EN B,BGD Base 2,PG
bgd base2lite,EN B,BGD Base 2,PG
dudek colt 2,EN C,Dudek Colt 2,PG
flow cosmos,EN B,Flow Cosmos,PG
flow freedom 2,EN B,Flow Freedom 2,PG
flow fusion f light,EN C,Flow Fusion,PG
flow fusion lite s,EN C,Flow Fusion,PG
fusion f flow lite s,EN C,Flow Fusion,PG
gin atlas 2,EN B,Gin Atlas 2,PG
gin boomerang 12,EN D/Comp,Gin Boomerang 12,PG
gin gto 2 (large),EN D/Comp,Gin GTO 2,PG
ikarus spirit l,,Ikarus Spirit,HG
little cloud urubu24,EN C,Little Cloud Urubu,PG
moyes rx3.5 pro technora,,moyes rx3.5,HG
ngd base 2,EN B,BGD Base 2,PG
niviuk artik 6,EN C,Niviuk Artic 6,PG
niviuk artik4,EN C,Niviuk Artic 4,PG
niviuk artik6,EN C,Niviuk Artic 6,PG
niviuk hook 5,EN B,Niviuk Hook 5,PG
niviuk icepeak x-one,EN D/Comp,Niviuk Icepeak X-One,PG
niviuk ikuma 2,EN B,Niviuk Ikuma 2,PG
niviuk ip x-one,EN D/Comp,Niviuk Icepeak X-One,PG
niviuk klimber p 2,EN D/Comp,Niviuk Klimber 2P,PG
niviuk takoo2,Tandem,Niviuk Takoo 2,PG
nivuk artik 6,EN C,Niviuk Artic 6,PG
nova ion 6 light,EN B,Nova Ion 6,PG
nova mentor5,EN B,Nova Mentor 5,PG
nova nova mentor 3,EN B,Nova Mentor 3,PG
nova xenon,EN D/Comp,Nova Xenon,PG
nuviuk peak 4,EN D/Comp,Niviuk Peak 4,PG
ozone alpina3,EN C,Ozone Alpina 3,PG
ozone geo 6,EN B,Ozone Geo 6,PG
ozone meru,EN D/Comp,UP Meru,PG
ozone mojo 6,EN A,Ozone Mojo 6,PG
ozone mojo power,EN A,Ozone Mojo Power,PG
ozone nova mentor 3,EN B,Nova Mentor 3,PG
ozone ozone delta 4,EN C,Ozone Delta 4,PG
ozone xcracer,EN D/Comp,Flow XC Racer,PG
ozone zeno 2,EN D/Comp,Ozone Zeno 2,PG
ozone zeno2,EN D/Comp,Ozone Zeno 2,PG
phi maestro light,EN B,Phi Maestro,PG
phi sonata,EN A,Phi Sonata,PG
skywalk arak air,EN B,Skywalk Arak Air,PG
skywalk chili 5,EN B,Skywalk Chili 5,PG
skywalk spice 2,EN C,Skywalk Spice 2,PG
skywalk x-alps 4,EN D/Comp,Skywalk X-Alps 4,PG
sup air savage,EN C,Supair Savage,PG
sup’air savage,EN C,Supair Savage,PG
supair leaf 2,EN B,Supair Leaf 2,PG
swing sphera,EN D/Comp,Swing Sphera,PG
swing sphera rs,EN D/Comp,Swing Sphera RS,PG
swing spherars,EN D/Comp,Swing Sphera RS,PG
triple 7 knight,EN B,777 Knight,PG
triple seven king2,EN D/Comp,777 King 2,PG
triple seven knight 2,EN B,777 Knight 2,PG
triple seven nick’s rook 3,EN B,777 Rook 3,PG
triple seven q-light,EN C,777 Queen,PG
triple seven r-light,EN B,777 Rook,PG
triple seven r-light 3,EN B,777 Rook 3,PG
triple seven rook 3 light,EN B,777 Rook 3,PG
u-turn crossrock,EN B,U-Turn Crossrock,PG
up venus 4,EN D/Comp,Axis Venus 4,PG
up x race,EN D/Comp,UP Trango X-Race,PG
